1,Gaurang,Deshpande,,gaurang.deshpande@gmail.com,4016631737,
2,Shamal,Bhole,2,shamal.bhole@gmail.com,4092814850,2
3,Vandana,Tiwari,3,vandana.tiwari@gmail.com,4324058361,3
4,Vihar,Raul,4,vihar.raul@gmail.com,3456783245,7
5,Amita,Murali,5,amita.murali@gmail.com,7629274212,4
6,Rutika,Araokar,6,rutika.araokar@gmail.com,5024591098,9
7,Bhavesh,Sachdev,7,bhavesh.sachdev@gmail.com,6720018901,
8,Shritu,Mehta,8,shritu.mehta@gmail.com,2013948564,8
9,Sneha,Shetty,,sneha.shetty@gmail.com,9387120301,5
10,Manish,Patil,9,manish.patil@gmail.com,3839205968,1
11,Shailesh,Hegde,10,shailesh.hegde@gmail.com,3895048271,6
12,Antriksh,Sharma,,antriksh.sharma@gmail.com,2372335802,11
13,Avee,Arora,11,avee.arora@gmail.com,5643567765,16
14,Ketki,Deshpande,12,ketki.deshpande@gmail.com,9876523464,19
15,Neeraj,Rajput,,neeraj.rajput@gmail.com,3245677654,12
16,Saurabh,Rao,13,saurabh.rao@gmail.com,3567876545,
17,Pratiksha,Shetty,14,pratiksha.shetty@gmail.com,8972439875,10
18,Suprita,Puned,15,suprita.puned@gmail.com,8762376864,13
19,Shivam,Negi,,shivam.negi@gmail.com,9876132425,15
20,Shrikant,Mudholkar,16,shrikant.mudholkar@gmail.com,3245678765,14
21,Sushrut,Tadwalkar,17,sushrut.tadwalkar@gmail.com,4369876524,19
22,Kedar,Deshmukh,18,kedar.deshmukh@gmail.com,4328762436,22
23,Rohan,Jahagirdar,,rohan.jahagirdar@gmail.com,9876543212,
24,Lahari,Palle,19,lahari.palle@gmail.com,2436776543,20
25,Akansha,Harshe,20,akansha.harshe@gmail.com,3425678765,21
26,Shephali,Mahajan,21,shephali.mahajan@gmail.com,4368756442,
27,Priyal,Chaudhari,22,priyal.chaudhari@gmail.com,5786435456,23
